{
  "analysis": {
    "authors": "Sergei L Kosakovsky Pond",
    "contact": "spond@temple.edu",
    "info": "This analysis fits standard codon model templates to codon alignment data.",
    "requirements": "in-frame codon alignment and a phylogenetic tree.",
    "version": "2.0"
  },
  "fits": {
    "model": {
      "AIC": 26675.39635687338,
      "AIC-c": 26676.21637612265,
      "BIC": 27203.40055268065,
      "Log Likelihood": -13266.69817843669,
      "estimated parameters": 71,
      "global-parameters": {
        "globalVariable_omega": 0.2919781336595109
      },
      "local-parameters": {
        "givenTree.BFNKILLIFISH.t": 0.5143109513336351,
        "givenTree.BLACKDRAGON.t": 0.1511715064651523,
        "givenTree.BOVINE.t": 0.2907007310663944,
        "givenTree.CAVEFISH.t": 0.7890406619149081,
        "givenTree.CHAMELEON.t": 1.257141529184635,
        "givenTree.CHICKEN.t": 0.2434663582410103,
        "givenTree.CLAWEDFROG.t": 0.7968525953970558,
        "givenTree.COELACANTH.t": 1.031311648953936,
        "givenTree.CONGERA.t": 0.3276542892829188,
        "givenTree.CONGERB.t": 0.3499182647268215,
        "givenTree.DOLPHIN.t": 0.2578337823241481,
        "givenTree.EELA.t": 0.4771201137391318,
        "givenTree.EELB.t": 0.3133852313630815,
        "givenTree.ELEPHANT.t": 0.2934796991887429,
        "givenTree.GOLDFISH.t": 0.7607521466765156,
        "givenTree.LAMPFISH.t": 1.265158166594056,
        "givenTree.LOOSEJAW.t": 0.6786631090421648,
        "givenTree.MBER.t": 0.05917630080259099,
        "givenTree.MVIO.t": 0.02721402339928188,
        "givenTree.NARG.t": 0.03220059516069101,
        "givenTree.NAUR.t": 0.1356056942000097,
        "givenTree.NSAM.t": 0.01082248770453482,
        "givenTree.Node1.t": 0.08207915592238077,
        "givenTree.Node11.t": 0.4758306155731698,
        "givenTree.Node14.t": 0.3721625140849782,
        "givenTree.Node15.t": 0.4240436591334865,
        "givenTree.Node16.t": 0.2491313682305085,
        "givenTree.Node17.t": 0.1639797983720465,
        "givenTree.Node18.t": 0.01160018912231883,
        "givenTree.Node19.t": 0.08652315262229036,
        "givenTree.Node2.t": 0.4180306518256949,
        "givenTree.Node23.t": 0.09222366032252099,
        "givenTree.Node27.t": 0.1631675390463583,
        "givenTree.Node29.t": 0.09062472908440422,
        "givenTree.Node32.t": 0.3064957620884307,
        "givenTree.Node35.t": 0.1409081261038477,
        "givenTree.Node36.t": 0.09096597009270406,
        "givenTree.Node38.t": 0.3746407023506276,
        "givenTree.Node43.t": 0.18865290660333,
        "givenTree.Node44.t": 0.4185506400164041,
        "givenTree.Node47.t": 0.465991211081591,
        "givenTree.Node48.t": 0.255682176716703,
        "givenTree.Node5.t": 0.407229626608769,
        "givenTree.Node52.t": 0.7453294293861142,
        "givenTree.Node54.t": 0.1991877349622615,
        "givenTree.Node55.t": 0.1976446781548449,
        "givenTree.Node58.t": 0.159589867154705,
        "givenTree.Node59.t": 0.06645653266767793,
        "givenTree.Node61.t": 0.465514809251647,
        "givenTree.Node62.t": 0.1861610834180903,
        "givenTree.Node66.t": 0.6440986885590454,
        "givenTree.Node67.t": 0.2184849448098181,
        "givenTree.Node8.t": 0.4115402503568189,
        "givenTree.Node9.t": 0.09751655809454085,
        "givenTree.ONIL.t": 0.05240579346060074,
        "givenTree.PIGEON.t": 0.2262915820945456,
        "givenTree.SALAMANDER.t": 0.5964618957223998,
        "givenTree.SCABBARDA.t": 0.3334945505892277,
        "givenTree.SCABBARDB.t": 0.4648784400674487,
        "givenTree.SDIA.t": 0.0309962912942541,
        "givenTree.SMIC.t": 0.0509923278787397,
        "givenTree.SPUN.t": 0.1148008755965536,
        "givenTree.SSPI.t": 0.03911681456894316,
        "givenTree.STIE.t": 0.02973212526132799,
        "givenTree.SXAN.t": 0.07456456416687103,
        "givenTree.THORNYHEAD.t": 0.4308192629342067,
        "givenTree.VIPERFISH.t": 0.5155974956310385,
        "givenTree.XCAU.t": 0.118762476119461,
        "givenTree.ZEBRAFINCH.t": 0.1210811401665913,
        "givenTree.ZEBRAFISH.t": 0.5232284033118129
      }
    }
  },
  "input": {
    "file": "/Users/sergei/Development/hyphy/tests/data/yokoyama.rh1.cds.mod.1-990.nex",
    "genetic-code": 0,
    "sequences": 38,
    "sites": 330
  },
  "trees": {
    "0": "(((EELA:0.09301382195578745,CONGERA:0.06387569261662826)Node2:0.08149442352421188,(EELB:0.06109396203220311,CONGERB:0.06821601990180215)Node5:0.07938878050574046)Node1:0.01600120341901968,((CAVEFISH:0.1538222462852557,(GOLDFISH:0.1483074443642953,ZEBRAFISH:0.1020025610877205)Node11:0.09276243629970789)Node9:0.01901070089303783,((((((NSAM:0.002109827096953384,NARG:0.0062774557997035)Node19:0.01686755364386787,SPUN:0.02238025162977022,(SMIC:0.009940874781517782,SDIA:0.006042678639429199,SXAN:0.01453624547763308)Node23:0.01797885872830777)Node18:0.00226143877528241,(NAUR:0.0264361185649092,(SSPI:0.007625761985340554,STIE:0.005796231443171537)Node29:0.01766714957746899)Node27:0.03180925722640984)Node17:0.03196760591498094,(MVIO:0.00530533141293103,MBER:0.0115363275375638)Node32:0.05975087074338647)Node16:0.04856777163845171,((BFNKILLIFISH:0.1002641177341229,(ONIL:0.01021642769196109,XCAU:0.02315255947235914)Node38:0.0730356205542094)Node36:0.01773367397976521,THORNYHEAD:0.08398754331198792)Node35:0.02746981939376577)Node15:0.08266664991970528,LAMPFISH:0.246640611168681,((SCABBARDA:0.06501424244858375,SCABBARDB:0.09062732676820166)Node44:0.08159579441090686,((VIPERFISH:0.1005149275381347,BLACKDRAGON:0.02947064938625878)Node48:0.04984484153480592,LOOSEJAW:0.1323043145209406)Node47:0.09084425974169526)Node43:0.03677758987926059)Node14:0.07255250161732869)Node8:0.08022912988166037,(COELACANTH:0.201052597311333,((CLAWEDFROG:0.1553451705324532,SALAMANDER:0.1162793162026877)Node55:0.03853052171775566,((CHAMELEON:0.2450777802101612,((PIGEON:0.04411519095701719,CHICKEN:0.04746338677734931)Node62:0.03629181283607366,ZEBRAFINCH:0.02360457941166727)Node61:0.0907513859480449)Node59:0.01295559738386984,((BOVINE:0.05667165408291863,DOLPHIN:0.05026429369187726)Node67:0.04259329919524567,ELEPHANT:0.05721340958370272)Node66:0.1255660346617528)Node58:0.03111179567162741)Node54:0.03883133823548312)Node52:0.1453008096850701)"
  }
}