{
  "analysis": {
    "authors": "Sergei L Kosakovsky Pond",
    "contact": "spond@temple.edu",
    "info": "This analysis fits standard codon model templates to codon alignment data.",
    "requirements": "in-frame codon alignment and a phylogenetic tree.",
    "version": "2.0"
  },
  "fits": {
    "model": {
      "AIC": 27396.69345755436,
      "AIC-c": 27397.53664356543,
      "BIC": 27932.13433217581,
      "Log Likelihood": -13626.34672877718,
      "estimated parameters": 72,
      "global-parameters": {
        "R": 0.1319947578278061,
        "kappa": 0.6234701368769133
      },
      "local-parameters": {
        "givenTree.BFNKILLIFISH.synRate": 6.786134609346909,
        "givenTree.BLACKDRAGON.synRate": 2.177400637966914,
        "givenTree.BOVINE.synRate": 3.612736376289949,
        "givenTree.CAVEFISH.synRate": 7.458619193872492,
        "givenTree.CHAMELEON.synRate": 18.16842898202466,
        "givenTree.CHICKEN.synRate": 3.594997252009982,
        "givenTree.CLAWEDFROG.synRate": 10.27496209324618,
        "givenTree.COELACANTH.synRate": 13.05795778991684,
        "givenTree.CONGERA.synRate": 3.4811071849142,
        "givenTree.CONGERB.synRate": 4.86067202901955,
        "givenTree.DOLPHIN.synRate": 3.685681969743466,
        "givenTree.EELA.synRate": 6.944060932345748,
        "givenTree.EELB.synRate": 3.795571635452722,
        "givenTree.ELEPHANT.synRate": 5.37711666162936,
        "givenTree.GOLDFISH.synRate": 8.644439545998567,
        "givenTree.LAMPFISH.synRate": 12.98621196349374,
        "givenTree.LOOSEJAW.synRate": 7.987675150656711,
        "givenTree.MBER.synRate": 0.9469752536086877,
        "givenTree.MVIO.synRate": 0.357239410194965,
        "givenTree.NARG.synRate": 0.4710595053382419,
        "givenTree.NAUR.synRate": 1.990361164687671,
        "givenTree.NSAM.synRate": 0.1729546003129629,
        "givenTree.Node1.synRate": 1.967589266825208,
        "givenTree.Node11.synRate": 4.678900062640937,
        "givenTree.Node14.synRate": 3.190429993760934,
        "givenTree.Node15.synRate": 4.900060487845925,
        "givenTree.Node16.synRate": 3.240231163433216,
        "givenTree.Node17.synRate": 2.215099301445572,
        "givenTree.Node18.synRate": 0.3130817582696615,
        "givenTree.Node19.synRate": 1.241576272821093,
        "givenTree.Node2.synRate": 4.713635078910442,
        "givenTree.Node23.synRate": 1.285197694433486,
        "givenTree.Node27.synRate": 2.158851413625214,
        "givenTree.Node29.synRate": 1.340183842576282,
        "givenTree.Node32.synRate": 4.240211489858662,
        "givenTree.Node35.synRate": 1.823694648244763,
        "givenTree.Node36.synRate": 1.261602132091835,
        "givenTree.Node38.synRate": 5.273037852796122,
        "givenTree.Node43.synRate": 2.004235456988076,
        "givenTree.Node44.synRate": 4.468990540870787,
        "givenTree.Node47.synRate": 5.004379600448549,
        "givenTree.Node48.synRate": 2.989433935060959,
        "givenTree.Node5.synRate": 4.676371943523977,
        "givenTree.Node52.synRate": 6.738776911957556,
        "givenTree.Node54.synRate": 2.44248940429238,
        "givenTree.Node55.synRate": 3.154907666325281,
        "givenTree.Node58.synRate": 2.139622692856815,
        "givenTree.Node59.synRate": 1.229034079223642,
        "givenTree.Node61.synRate": 4.363073426983282,
        "givenTree.Node62.synRate": 1.737368899346875,
        "givenTree.Node66.synRate": 5.708180214616628,
        "givenTree.Node67.synRate": 1.456578425366785,
        "givenTree.Node8.synRate": 3.853582574023836,
        "givenTree.Node9.synRate": 1.323390243943786,
        "givenTree.ONIL.synRate": 0.6716728662419108,
        "givenTree.PIGEON.synRate": 3.051302173630744,
        "givenTree.SALAMANDER.synRate": 6.555041551222775,
        "givenTree.SCABBARDA.synRate": 4.478824767351186,
        "givenTree.SCABBARDB.synRate": 5.002557465085475,
        "givenTree.SDIA.synRate": 0.4226013334993972,
        "givenTree.SMIC.synRate": 0.7330663227357245,
        "givenTree.SPUN.synRate": 1.678935157061761,
        "givenTree.SSPI.synRate": 0.5978653360757593,
        "givenTree.STIE.synRate": 0.3880386581961299,
        "givenTree.SXAN.synRate": 1.12928832470735,
        "givenTree.THORNYHEAD.synRate": 5.021373308523192,
        "givenTree.VIPERFISH.synRate": 7.133174279404474,
        "givenTree.XCAU.synRate": 1.851795968284871,
        "givenTree.ZEBRAFINCH.synRate": 2.484834514544189,
        "givenTree.ZEBRAFISH.synRate": 6.516704310628837
      }
    }
  },
  "input": {
    "file": "/Users/sergei/Development/hyphy/tests/data/yokoyama.rh1.cds.mod.1-990.nex",
    "genetic-code": 0,
    "sequences": 38,
    "sites": 330
  },
  "trees": {
    "0": "(((EELA:0.09973637268556362,CONGERA:0.04999855371887029)Node2:0.06770114339638271,(EELB:0.05451515343492081,CONGERB:0.06981301024166342)Node5:0.06716593928533791)Node1:0.02826015185064094,((CAVEFISH:0.1071268859659147,(GOLDFISH:0.1241586231194394,ZEBRAFISH:0.09359832180892745)Node11:0.06720225023262068)Node9:0.0190076302417798,((((((NSAM:0.002484117671569634,NARG:0.006765748002389924)Node19:0.01783255001217377,SPUN:0.02411426169370338,(SMIC:0.01052890760607249,SDIA:0.006069751476255256,SXAN:0.0162197772052701)Node23:0.01845907711287103)Node18:0.004496740340855035,(NAUR:0.02858722076810804,(SSPI:0.008587038701932687,STIE:0.005573333616642332)Node29:0.01924883385854826)Node27:0.03100721771595192)Node17:0.03181509661521321,(MVIO:0.00513096922684116,MBER:0.01360124540065307)Node32:0.0609014404594653)Node16:0.04653889216297304,((BFNKILLIFISH:0.09746810361924506,(ONIL:0.009647123774251538,XCAU:0.02659703228843845)Node38:0.07573575082295583)Node36:0.01812017804180005,THORNYHEAD:0.07212113553891768)Node35:0.02619341778162716)Node15:0.07037874001380863,LAMPFISH:0.1865187660050113,((SCABBARDA:0.06432860260616588,SCABBARDB:0.07185088676204494)Node44:0.0641873552745426,((VIPERFISH:0.1024525757036285,BLACKDRAGON:0.03127363708784336)Node48:0.04293673399052284,LOOSEJAW:0.1147256271911768)Node47:0.07187705778407723)Node43:0.02878649488178643)Node14:0.04582360638610513)Node8:0.05534835473392105,(COELACANTH:0.1875492391751757,((CLAWEDFROG:0.1475775426866627,SALAMANDER:0.094148953111398)Node55:0.04531340520522566,((CHAMELEON:0.2609500725464234,((PIGEON:0.04382533703699854,CHICKEN:0.05163433748973802)Node62:0.02495353565093682,ZEBRAFINCH:0.03568925785920678)Node61:0.0626660856820974)Node59:0.01765240860686111,((BOVINE:0.05188912153145928,DOLPHIN:0.05293682675255862)Node67:0.02092058956473742,ELEPHANT:0.07723061715082855)Node66:0.08198562696785679)Node58:0.03073103885181058)Node54:0.03508106220271223)Node52:0.09678791302149907)"
  }
}