{
  "analysis": {
    "authors": "Sergei L Kosakovsky Pond",
    "contact": "spond@temple.edu",
    "info": "This analysis fits standard codon model templates to codon alignment data.",
    "requirements": "in-frame codon alignment and a phylogenetic tree.",
    "version": "2.0"
  },
  "fits": {
    "model": {
      "AIC": 27214.69032329919,
      "AIC-c": 27217.9201990856,
      "BIC": 28263.26203609954,
      "Log Likelihood": -13466.34516164959,
      "estimated parameters": 141,
      "global-parameters": {
        "kappa": 0.6250002941804247
      },
      "local-parameters": {
        "givenTree.BFNKILLIFISH.nonSynRate": 0.667772903766957,
        "givenTree.BFNKILLIFISH.synRate": 7.866727396369909,
        "givenTree.BLACKDRAGON.nonSynRate": 0.3141277673378587,
        "givenTree.BLACKDRAGON.synRate": 2.173714540025386,
        "givenTree.BOVINE.nonSynRate": 0.5904001690430013,
        "givenTree.BOVINE.synRate": 3.061643773357572,
        "givenTree.CAVEFISH.nonSynRate": 1.102463660252982,
        "givenTree.CAVEFISH.synRate": 6.630747193288296,
        "givenTree.CHAMELEON.nonSynRate": 1.443128703607249,
        "givenTree.CHAMELEON.synRate": 30.15624864348365,
        "givenTree.CHICKEN.nonSynRate": 0.1445277450459613,
        "givenTree.CHICKEN.synRate": 5.062334679513611,
        "givenTree.CLAWEDFROG.nonSynRate": 0.9634529073987635,
        "givenTree.CLAWEDFROG.synRate": 13.06648631307952,
        "givenTree.COELACANTH.nonSynRate": 1.408114211605315,
        "givenTree.COELACANTH.synRate": 17.3937513662775,
        "givenTree.CONGERA.nonSynRate": 0.4357089696587153,
        "givenTree.CONGERA.synRate": 3.375635543977733,
        "givenTree.CONGERB.nonSynRate": 0.8355664854808129,
        "givenTree.CONGERB.synRate": 3.492836328851171,
        "givenTree.DOLPHIN.nonSynRate": 0.511380848003416,
        "givenTree.DOLPHIN.synRate": 3.583266399233918,
        "givenTree.EELA.nonSynRate": 0.8455286033631615,
        "givenTree.EELA.synRate": 7.456931624838344,
        "givenTree.EELB.nonSynRate": 0.3475989128303217,
        "givenTree.EELB.synRate": 4.844819535858225,
        "givenTree.ELEPHANT.nonSynRate": 0.4200652270440897,
        "givenTree.ELEPHANT.synRate": 7.491202144874087,
        "givenTree.GOLDFISH.nonSynRate": 0.8163479585996232,
        "givenTree.GOLDFISH.synRate": 11.3308243255876,
        "givenTree.LAMPFISH.nonSynRate": 2.458908064909861,
        "givenTree.LAMPFISH.synRate": 8.699547740565617,
        "givenTree.LOOSEJAW.nonSynRate": 1.600004577337826,
        "givenTree.LOOSEJAW.synRate": 5.78734300970399,
        "givenTree.MBER.nonSynRate": 0.2865048452349084,
        "givenTree.MBER.synRate": 0.5283973792533477,
        "givenTree.MVIO.nonSynRate": 0.1238437709091303,
        "givenTree.MVIO.synRate": 0.03779735386826034,
        "givenTree.NARG.nonSynRate": 0.0692827255293874,
        "givenTree.NARG.synRate": 0.4273234330425286,
        "givenTree.NAUR.nonSynRate": 0.4018627429625352,
        "givenTree.NAUR.synRate": 1.471615769259782,
        "givenTree.NSAM.nonSynRate": 0.08360204816340694,
        "givenTree.NSAM.synRate": 0,
        "givenTree.Node1.nonSynRate": 0.3092178122506838,
        "givenTree.Node1.synRate": 2.422632060365909,
        "givenTree.Node11.nonSynRate": 0.9115235862729408,
        "givenTree.Node11.synRate": 1.00936542931786,
        "givenTree.Node14.nonSynRate": 0.6139769600703799,
        "givenTree.Node14.synRate": 1.440607934282868,
        "givenTree.Node15.nonSynRate": 0.2897351977233945,
        "givenTree.Node15.synRate": 7.071008778812731,
        "givenTree.Node16.nonSynRate": 0.6341828101314632,
        "givenTree.Node16.synRate": 2.37197247038342,
        "givenTree.Node17.nonSynRate": 0.3893610347198027,
        "givenTree.Node17.synRate": 2.058086670280684,
        "givenTree.Node18.nonSynRate": 0.09182656181119603,
        "givenTree.Node18.synRate": 0,
        "givenTree.Node19.nonSynRate": 0.3598603836380553,
        "givenTree.Node19.synRate": 0.6502216134928174,
        "givenTree.Node2.nonSynRate": 0.5808479056124795,
        "givenTree.Node2.synRate": 5.195182031960181,
        "givenTree.Node23.nonSynRate": 0.345419156393552,
        "givenTree.Node23.synRate": 0.6219431934125685,
        "givenTree.Node27.nonSynRate": 0.471523135052041,
        "givenTree.Node27.synRate": 1.799416799362149,
        "givenTree.Node29.nonSynRate": 0.3362096194165696,
        "givenTree.Node29.synRate": 0.7844297284890036,
        "givenTree.Node32.nonSynRate": 0.5104218627702327,
        "givenTree.Node32.synRate": 4.418644807341719,
        "givenTree.Node35.nonSynRate": 0.3181549914408018,
        "givenTree.Node35.synRate": 1.748637257715147,
        "givenTree.Node36.nonSynRate": 0.1463887691500443,
        "givenTree.Node36.synRate": 1.123804297952798,
        "givenTree.Node38.nonSynRate": 0.4554570615976472,
        "givenTree.Node38.synRate": 6.42364209690063,
        "givenTree.Node43.nonSynRate": 0.295319137315716,
        "givenTree.Node43.synRate": 2.074801741967974,
        "givenTree.Node44.nonSynRate": 0.8412000266906678,
        "givenTree.Node44.synRate": 3.196343728831544,
        "givenTree.Node47.nonSynRate": 0.7307853239674555,
        "givenTree.Node47.synRate": 5.483171121346945,
        "givenTree.Node48.nonSynRate": 0.8692117090501932,
        "givenTree.Node48.synRate": 0.3083998296100946,
        "givenTree.Node5.nonSynRate": 0.2940513359823088,
        "givenTree.Node5.synRate": 6.743433215776411,
        "givenTree.Node52.nonSynRate": 0.6474997996672039,
        "givenTree.Node52.synRate": 8.061469426407772,
        "givenTree.Node54.nonSynRate": 0.3325992992024708,
        "givenTree.Node54.synRate": 0.8976283036633862,
        "givenTree.Node55.nonSynRate": 0.340845098029937,
        "givenTree.Node55.synRate": 4.722963015529849,
        "givenTree.Node58.nonSynRate": 0.1322513191861951,
        "givenTree.Node58.synRate": 3.056690835430428,
        "givenTree.Node59.nonSynRate": 0.1579237663455743,
        "givenTree.Node59.synRate": 1.052771600942908,
        "givenTree.Node61.nonSynRate": 0.3990132552087945,
        "givenTree.Node61.synRate": 4.351551892186931,
        "givenTree.Node62.nonSynRate": 0.1091894321213371,
        "givenTree.Node62.synRate": 1.702636437432306,
        "givenTree.Node66.nonSynRate": 0.5426383168566842,
        "givenTree.Node66.synRate": 6.25834007181658,
        "givenTree.Node67.nonSynRate": 0.1495862032684899,
        "givenTree.Node67.synRate": 0.8430173599053872,
        "givenTree.Node8.nonSynRate": 0.7476569912269141,
        "givenTree.Node8.synRate": 1.338562616969961,
        "givenTree.Node9.nonSynRate": 0.1401146753961002,
        "givenTree.Node9.synRate": 2.326851917693733,
        "givenTree.ONIL.nonSynRate": 0.2658109882608153,
        "givenTree.ONIL.synRate": 0.1854630395064882,
        "givenTree.PIGEON.nonSynRate": 0.1551293361622485,
        "givenTree.PIGEON.synRate": 3.889602922356749,
        "givenTree.SALAMANDER.nonSynRate": 0.6489835100789402,
        "givenTree.SALAMANDER.synRate": 7.280981641452264,
        "givenTree.SCABBARDA.nonSynRate": 0.7066542353365731,
        "givenTree.SCABBARDA.synRate": 3.976174751322135,
        "givenTree.SCABBARDB.nonSynRate": 1.034042689592165,
        "givenTree.SCABBARDB.synRate": 3.388725496010392,
        "givenTree.SDIA.nonSynRate": 0.03839642055059965,
        "givenTree.SDIA.synRate": 0.5863808002240446,
        "givenTree.SMIC.nonSynRate": 0.1861921182073276,
        "givenTree.SMIC.synRate": 0.319310648053404,
        "givenTree.SPUN.nonSynRate": 0.3402841409937961,
        "givenTree.SPUN.synRate": 1.281230699782751,
        "givenTree.SSPI.nonSynRate": 0.07656383079764312,
        "givenTree.SSPI.synRate": 0.6814809374230145,
        "givenTree.STIE.nonSynRate": 0,
        "givenTree.STIE.synRate": 0.4886811712148427,
        "givenTree.SXAN.nonSynRate": 0.2948120821883092,
        "givenTree.SXAN.synRate": 0.8137536769198072,