{
  "analysis": {
    "authors": "Sergei L Kosakovsky Pond",
    "contact": "spond@temple.edu",
    "info": "This analysis fits standard codon model templates to codon alignment data.",
    "requirements": "in-frame codon alignment and a phylogenetic tree.",
    "version": "2.0"
  },
  "fits": {
    "model": {
      "AIC": 27144.71127561901,
      "AIC-c": 27145.55446163008,
      "BIC": 27680.15215024047,
      "Log Likelihood": -13500.35563780951,
      "estimated parameters": 72,
      "global-parameters": {
        "AC": 0.5826843454879105,
        "R": 0.07862015032357318
      },
      "local-parameters": {
        "givenTree.BFNKILLIFISH.synRate": 8.81431761861408,
        "givenTree.BLACKDRAGON.synRate": 2.865588850889699,
        "givenTree.BOVINE.synRate": 4.755841018057129,
        "givenTree.CAVEFISH.synRate": 11.97094717361323,
        "givenTree.CHAMELEON.synRate": 20.13763187153225,
        "givenTree.CHICKEN.synRate": 4.54604559398154,
        "givenTree.CLAWEDFROG.synRate": 11.78380166849769,
        "givenTree.COELACANTH.synRate": 14.25348973112066,
        "givenTree.CONGERA.synRate": 5.705296626309586,
        "givenTree.CONGERB.synRate": 6.429433669416449,
        "givenTree.DOLPHIN.synRate": 4.897275992422056,
        "givenTree.EELA.synRate": 8.015927713213367,
        "givenTree.EELB.synRate": 4.555264334906645,
        "givenTree.ELEPHANT.synRate": 5.66464537292932,
        "givenTree.GOLDFISH.synRate": 9.479280689760035,
        "givenTree.LAMPFISH.synRate": 19.40497622446859,
        "givenTree.LOOSEJAW.synRate": 10.25501460598704,
        "givenTree.MBER.synRate": 1.120313505490853,
        "givenTree.MVIO.synRate": 0.3998855830319522,
        "givenTree.NARG.synRate": 0.5559212926385638,
        "givenTree.NAUR.synRate": 2.415112274321979,
        "givenTree.NSAM.synRate": 0.2045844929392673,
        "givenTree.Node1.synRate": 2.397089806644875,
        "givenTree.Node11.synRate": 6.299026277577939,
        "givenTree.Node14.synRate": 5.547952131586206,
        "givenTree.Node15.synRate": 5.406958121847344,
        "givenTree.Node16.synRate": 3.891952094700569,
        "givenTree.Node17.synRate": 2.529906753302062,
        "givenTree.Node18.synRate": 0.3505675355562783,
        "givenTree.Node19.synRate": 1.450922212842429,
        "givenTree.Node2.synRate": 6.959584572917974,
        "givenTree.Node23.synRate": 1.504733647439817,
        "givenTree.Node27.synRate": 2.659555839825643,
        "givenTree.Node29.synRate": 1.566254648438014,
        "givenTree.Node32.synRate": 5.24156075118959,
        "givenTree.Node35.synRate": 2.356794784497623,
        "givenTree.Node36.synRate": 1.404207304187314,
        "givenTree.Node38.synRate": 5.640768795409178,
        "givenTree.Node43.synRate": 3.328103128732582,
        "givenTree.Node44.synRate": 7.12548823418329,
        "givenTree.Node47.synRate": 7.519864850746699,
        "givenTree.Node48.synRate": 4.628667510365666,
        "givenTree.Node5.synRate": 5.940109675922288,
        "givenTree.Node52.synRate": 10.19307008012713,
        "givenTree.Node54.synRate": 3.804904126148437,
        "givenTree.Node55.synRate": 3.167663614804954,
        "givenTree.Node58.synRate": 2.461313384988155,
        "givenTree.Node59.synRate": 1.0160412333254,
        "givenTree.Node61.synRate": 8.141145111603125,
        "givenTree.Node62.synRate": 2.630161389151132,
        "givenTree.Node66.synRate": 10.7113558785838,
        "givenTree.Node67.synRate": 3.16146486631161,
        "givenTree.Node8.synRate": 6.339811598527838,
        "givenTree.Node9.synRate": 2.20986135423124,
        "givenTree.ONIL.synRate": 0.8124460051414264,
        "givenTree.PIGEON.synRate": 3.997050669436587,
        "givenTree.SALAMANDER.synRate": 9.23878652788742,
        "givenTree.SCABBARDA.synRate": 6.066274877374162,
        "givenTree.SCABBARDB.synRate": 7.348400128195054,
        "givenTree.SDIA.synRate": 0.5743434713352055,
        "givenTree.SMIC.synRate": 0.8339063812842666,
        "givenTree.SPUN.synRate": 1.98802095415235,
        "givenTree.SSPI.synRate": 0.7047918911028496,
        "givenTree.STIE.synRate": 0.4527898890305766,
        "givenTree.SXAN.synRate": 1.371329572390627,
        "givenTree.THORNYHEAD.synRate": 7.102317825190581,
        "givenTree.VIPERFISH.synRate": 9.585086594240302,
        "givenTree.XCAU.synRate": 2.094728290917691,
        "givenTree.ZEBRAFINCH.synRate": 2.291211778241917,
        "givenTree.ZEBRAFISH.synRate": 10.84448176669681
      }
    }
  },
  "input": {
    "file": "/Users/sergei/Development/hyphy/tests/data/yokoyama.rh1.cds.mod.1-990.nex",
    "genetic-code": 0,
    "sequences": 38,
    "sites": 330
  },
  "trees": {
    "0": "(((EELA:0.08989091225441066,CONGERA:0.06397940909267383)Node2:0.07804504089278169,(EELB:0.05108290409727151,CONGERB:0.07209990889393673)Node5:0.06661261138616908)Node1:0.02688105446857603,((CAVEFISH:0.1342426479484906,(GOLDFISH:0.1063010070953551,ZEBRAFISH:0.1216104228744247)Node11:0.07063751553954579)Node9:0.0247814676222899,((((((NSAM:0.002294218131870427,NARG:0.006234122103491262)Node19:0.01627069579327712,SPUN:0.02229374110435937,(SMIC:0.009351457252396719,SDIA:0.006440709102276836,SXAN:0.01537814095559362)Node23:0.01687413922724222)Node18:0.003931277414838581,(NAUR:0.02708315909308505,(SSPI:0.007903562545394914,STIE:0.005077602698118105)Node29:0.01756403802628163)Node27:0.02982435835086086)Node17:0.02837046866054528,(MVIO:0.004484331838082308,MBER:0.01256323742210232)Node32:0.05877905769842163)Node16:0.0436444959036254,((BFNKILLIFISH:0.09884408642199712,(ONIL:0.009110799794168546,XCAU:0.02349036115748984)Node38:0.06325579159099969)Node36:0.01574683306582663,THORNYHEAD:0.07964565690565741)Node35:0.02642918458779385)Node15:0.06063382997991299,LAMPFISH:0.2176081269067952,((SCABBARDA:0.06802743265939187,SCABBARDB:0.08240523302686859)Node44:0.07990549073602349,((VIPERFISH:0.1074875184532303,BLACKDRAGON:0.03213482021899147)Node48:0.05190605004374826,LOOSEJAW:0.1150001161556061)Node47:0.08432804481872259)Node43:0.03732147257583017)Node14:0.06221494206216666)Node8:0.07109488364938193,(COELACANTH:0.1598391652942797,((CLAWEDFROG:0.1321439912762979,SALAMANDER:0.1036040965971537)Node55:0.03552229788456696,((CHAMELEON:0.2258241546504506,((PIGEON:0.04482307523937546,CHICKEN:0.05097952479281138)Node62:0.02949472788500803,ZEBRAFINCH:0.02569373431034258)Node61:0.09129510482875547)Node59:0.01139392427418781,((BOVINE:0.05333217850073698,DOLPHIN:0.05491823557674892)Node67:0.03545278488783878,ELEPHANT:0.06352354442156243)Node66:0.1201175442014508)Node58:0.02760126007073025)Node54:0.04266833673864867)Node52:0.1143054679329763)"
  }
}