{
  "analysis": {
    "authors": "Sergei L Kosakovsky Pond",
    "contact": "spond@temple.edu",
    "info": "This analysis fits standard codon model templates to codon alignment data.",
    "requirements": "in-frame codon alignment and a phylogenetic tree.",
    "version": "2.0"
  },
  "fits": {
    "model": {
      "AIC": 26475.41729417432,
      "AIC-c": 26476.38118440061,
      "BIC": 27048.04156286671,
      "Log Likelihood": -13160.70864708716,
      "estimated parameters": 77,
      "global-parameters": {
        "AC": 0.5655983316986799,
        "C": -0.9038135619339726,
        "alpha_0": 0.0565817206252782,
        "alpha_1": -0.04490752911919677,
        "alpha_2": -0.5324457657484217,
        "alpha_3": -0.8055786776705207,
        "alpha_4": -0.7206838324609677
      },
      "local-parameters": {
        "givenTree.BFNKILLIFISH.synRate": 0.5764256477756354,
        "givenTree.BLACKDRAGON.synRate": 0.1979490039254693,
        "givenTree.BOVINE.synRate": 0.3396847441911256,
        "givenTree.CAVEFISH.synRate": 0.8364971012201015,
        "givenTree.CHAMELEON.synRate": 1.224181092088391,
        "givenTree.CHICKEN.synRate": 0.3186325930909137,
        "givenTree.CLAWEDFROG.synRate": 0.7289745828170693,
        "givenTree.COELACANTH.synRate": 0.9244744902733625,
        "givenTree.CONGERA.synRate": 0.3779233438174806,
        "givenTree.CONGERB.synRate": 0.4476137366360259,
        "givenTree.DOLPHIN.synRate": 0.3434243298404128,
        "givenTree.EELA.synRate": 0.5304579475493034,
        "givenTree.EELB.synRate": 0.2972285790133012,
        "givenTree.ELEPHANT.synRate": 0.3975355732689499,
        "givenTree.GOLDFISH.synRate": 0.6343719759229534,
        "givenTree.LAMPFISH.synRate": 1.281972591379082,
        "givenTree.LOOSEJAW.synRate": 0.6651930658810117,
        "givenTree.MBER.synRate": 0.0780864883639879,
        "givenTree.MVIO.synRate": 0.02507483828473639,
        "givenTree.NARG.synRate": 0.03706718764415326,
        "givenTree.NAUR.synRate": 0.1660968082730067,
        "givenTree.NSAM.synRate": 0.01309962751543791,
        "givenTree.Node1.synRate": 0.1639748509849009,
        "givenTree.Node11.synRate": 0.4457944413389716,
        "givenTree.Node14.synRate": 0.3710339265347856,
        "givenTree.Node15.synRate": 0.3035194647379765,
        "givenTree.Node16.synRate": 0.2511385244065117,
        "givenTree.Node17.synRate": 0.168135176505667,
        "givenTree.Node18.synRate": 0.01639171400382789,
        "givenTree.Node19.synRate": 0.09402001468364188,
        "givenTree.Node2.synRate": 0.4146894911028848,
        "givenTree.Node23.synRate": 0.1059799458645176,
        "givenTree.Node27.synRate": 0.1826169974036143,
        "givenTree.Node29.synRate": 0.1028398343045707,
        "givenTree.Node32.synRate": 0.3540182050442109,
        "givenTree.Node35.synRate": 0.1621730785946032,
        "givenTree.Node36.synRate": 0.09631832094431245,
        "givenTree.Node38.synRate": 0.3689590969530265,
        "givenTree.Node43.synRate": 0.239490408284159,
        "givenTree.Node44.synRate": 0.5335549160571819,
        "givenTree.Node47.synRate": 0.5490570947858411,
        "givenTree.Node48.synRate": 0.338359127694576,
        "givenTree.Node5.synRate": 0.4562268528831824,
        "givenTree.Node52.synRate": 0.6463388239629575,
        "givenTree.Node54.synRate": 0.2081456896442568,
        "givenTree.Node55.synRate": 0.2002046397328536,
        "givenTree.Node58.synRate": 0.1688231867742185,
        "givenTree.Node59.synRate": 0.07054864958634177,
        "givenTree.Node61.synRate": 0.5354038358615868,
        "givenTree.Node62.synRate": 0.1858591229069584,
        "givenTree.Node66.synRate": 0.711699946646897,
        "givenTree.Node67.synRate": 0.2209768832612626,
        "givenTree.Node8.synRate": 0.4237906152295736,
        "givenTree.Node9.synRate": 0.1688454990622351,
        "givenTree.ONIL.synRate": 0.05557187963005893,
        "givenTree.PIGEON.synRate": 0.2778384857275271,
        "givenTree.SALAMANDER.synRate": 0.5988315298052285,
        "givenTree.SCABBARDA.synRate": 0.4100581186667627,
        "givenTree.SCABBARDB.synRate": 0.5182681966541146,
        "givenTree.SDIA.synRate": 0.03742203954024633,
        "givenTree.SMIC.synRate": 0.05648997842634954,
        "givenTree.SPUN.synRate": 0.1375602473104875,
        "givenTree.SSPI.synRate": 0.04794570000859343,
        "givenTree.STIE.synRate": 0.02862869228269257,
        "givenTree.SXAN.synRate": 0.09134945629766476,
        "givenTree.THORNYHEAD.synRate": 0.4621765596410816,
        "givenTree.VIPERFISH.synRate": 0.6728115264654353,
        "givenTree.XCAU.synRate": 0.1391342594157368,
        "givenTree.ZEBRAFINCH.synRate": 0.1626293689400816,
        "givenTree.ZEBRAFISH.synRate": 0.7582022067888012
      }
    }
  },
  "input": {
    "file": "/Users/sergei/Development/hyphy/tests/data/yokoyama.rh1.cds.mod.1-990.nex",
    "genetic-code": 0,
    "sequences": 38,
    "sites": 330
  },
  "trees": {
    "0": "(((EELA:0.08515618446185071,CONGERA:0.06066929551577623)Node2:0.06657148782838448,(EELB:0.047715095642785,CONGERB:0.07185692683224974)Node5:0.07323961912543302)Node1:0.02632343001379364,((CAVEFISH:0.134285671055351,(GOLDFISH:0.1018378501984887,ZEBRAFISH:0.1217167303817015)Node11:0.07156486928721284)Node9:0.02710533140303368,((((((NSAM:0.00210292691859892,NARG:0.005950519325971952)Node19:0.01509334670259035,SPUN:0.02208300554022882,(SMIC:0.009068524744222206,SDIA:0.006007484884994955,SXAN:0.01466463305321803)Node23:0.0170133143654276)Node18:0.002631416548295059,(NAUR:0.0266640748982391,(SSPI:0.007696883217504923,STIE:0.004595859506280539)Node29:0.0165092217781358)Node27:0.02931611598735844)Node17:0.02699130095267663,(MVIO:0.004025347464753789,MBER:0.01253548455221112)Node32:0.05683172381689339)Node16:0.04031610537393292,((BFNKILLIFISH:0.09253553277371039,(ONIL:0.008921139280751786,XCAU:0.02233568695597351)Node38:0.05923023505287292)Node36:0.01546230147607933,THORNYHEAD:0.07419474540549024)Node35:0.02603418547945248)Node15:0.04872499252089538,LAMPFISH:0.2057993380452972,((SCABBARDA:0.06582799815629263,SCABBARDB:0.08319932307336482)Node44:0.08565335115102525,((VIPERFISH:0.1080086795201136,BLACKDRAGON:0.03177741415732138)Node48:0.0543179198755093,LOOSEJAW:0.1067856626196415)Node47:0.08814196763321236)Node43:0.03844619442296937)Node14:0.05956331436935313)Node8:0.06803252165495458,(COELACANTH:0.1484089749012137,((CLAWEDFROG:0.1170247223727406,SALAMANDER:0.09613242378450086)Node55:0.03213951890055276,((CHAMELEON:0.1965218758135387,((PIGEON:0.04460233926274711,CHICKEN:0.05115115344800395)Node62:0.02983658521340504,ZEBRAFINCH:0.0261074352912561)Node61:0.08595016441708431)Node59:0.01132541013941656,((BOVINE:0.05453072551529168,DOLPHIN:0.05513105367859433)Node67:0.03547415647128545,ELEPHANT:0.06381771215576297)Node66:0.1142515673827651)Node58:0.02710174953698212)Node54:0.03341432214216754)Node52:0.1037589282478035)"
  }
}