{
  "analysis": {
    "authors": "Sergei L Kosakovsky Pond",
    "contact": "spond@temple.edu",
    "info": "This analysis fits standard codon model templates to codon alignment data.",
    "requirements": "in-frame codon alignment and a phylogenetic tree.",
    "version": "2.0"
  },
  "fits": {
    "model": {
      "AIC": 30511.08453997204,
      "AIC-c": 30512.02363970726,
      "BIC": 31076.27212985025,
      "Log Likelihood": -15179.54226998602,
      "estimated parameters": 76,
      "global-parameters": {
        "T_R": 7.145566283665263,
        "T_RR": 0.05302577803197771,
        "T_RV": 0.08992128859082638,
        "T_SUB": 0.03669166584332937,
        "T_V": 2.592598347559064,
        "T_VV": 0.08642156429717483
      },
      "local-parameters": {
        "givenTree.BFNKILLIFISH.t": 0.2807291172065413,
        "givenTree.BLACKDRAGON.t": 0.1169101435829794,
        "givenTree.BOVINE.t": 0.1449064088437273,
        "givenTree.CAVEFISH.t": 0.2848018153891392,
        "givenTree.CHAMELEON.t": 0.6359441343649412,
        "givenTree.CHICKEN.t": 0.1537813327620521,
        "givenTree.CLAWEDFROG.t": 0.3922191344513734,
        "givenTree.COELACANTH.t": 0.479209139941729,
        "givenTree.CONGERA.t": 0.1716889265231528,
        "givenTree.CONGERB.t": 0.1819102809330451,
        "givenTree.DOLPHIN.t": 0.1613435386918197,
        "givenTree.EELA.t": 0.2485172309905326,
        "givenTree.EELB.t": 0.1736986840756408,
        "givenTree.ELEPHANT.t": 0.1923197853170149,
        "givenTree.GOLDFISH.t": 0.3064985106354819,
        "givenTree.LAMPFISH.t": 0.4627846002680175,
        "givenTree.LOOSEJAW.t": 0.2944047258214802,
        "givenTree.MBER.t": 0.04873447054264791,
        "givenTree.MVIO.t": 0.01650927102598676,
        "givenTree.NARG.t": 0.02070353257387712,
        "givenTree.NAUR.t": 0.0992049966669574,
        "givenTree.NSAM.t": 0.008768754178921277,
        "givenTree.Node1.t": 0.0841481718083977,
        "givenTree.Node11.t": 0.1427991682818182,
        "givenTree.Node14.t": 0.1471102537769157,
        "givenTree.Node15.t": 0.1584285371069683,
        "givenTree.Node16.t": 0.1328790592305549,
        "givenTree.Node17.t": 0.09906908223498781,
        "givenTree.Node18.t": 0.01512990079010837,
        "givenTree.Node19.t": 0.0517869583764019,
        "givenTree.Node2.t": 0.1646878866988715,
        "givenTree.Node23.t": 0.05783152476520104,
        "givenTree.Node27.t": 0.1028196483558969,
        "givenTree.Node29.t": 0.06484944530634167,
        "givenTree.Node32.t": 0.1913549463330877,
        "givenTree.Node35.t": 0.09240427865915678,
        "givenTree.Node36.t": 0.0618993182046808,
        "givenTree.Node38.t": 0.2286781227191581,
        "givenTree.Node43.t": 0.1223353145025887,
        "givenTree.Node44.t": 0.1803631986901177,
        "givenTree.Node47.t": 0.2066409134995252,
        "givenTree.Node48.t": 0.1142571591697193,
        "givenTree.Node5.t": 0.1961560731989077,
        "givenTree.Node52.t": 0.2268066065672164,
        "givenTree.Node54.t": 0.1051374637335615,
        "givenTree.Node55.t": 0.1016404769287077,
        "givenTree.Node58.t": 0.08585933068777206,
        "givenTree.Node59.t": 0.04438756978226217,
        "givenTree.Node61.t": 0.2414629002194748,
        "givenTree.Node62.t": 0.08989959983871035,
        "givenTree.Node66.t": 0.2702584703268704,
        "givenTree.Node67.t": 0.100811701717985,
        "givenTree.Node8.t": 0.1827218224382922,
        "givenTree.Node9.t": 0.07025340215917553,
        "givenTree.ONIL.t": 0.03519741500870193,
        "givenTree.PIGEON.t": 0.1304804500442477,
        "givenTree.SALAMANDER.t": 0.2970304075496367,
        "givenTree.SCABBARDA.t": 0.1747114390617222,
        "givenTree.SCABBARDB.t": 0.1932720738596763,
        "givenTree.SDIA.t": 0.0233276909457106,
        "givenTree.SMIC.t": 0.03216987682253574,
        "givenTree.SPUN.t": 0.07367585850777451,
        "givenTree.SSPI.t": 0.02652884457112269,
        "givenTree.STIE.t": 0.01923098318971541,
        "givenTree.SXAN.t": 0.05658121985268637,
        "givenTree.THORNYHEAD.t": 0.2161377475074134,
        "givenTree.VIPERFISH.t": 0.2669777919942029,
        "givenTree.XCAU.t": 0.07996620199538002,
        "givenTree.ZEBRAFINCH.t": 0.1001115916403021,
        "givenTree.ZEBRAFISH.t": 0.3089134157511814
      }
    }
  },
  "input": {
    "file": "/Users/sergei/Development/hyphy/tests/data/yokoyama.rh1.cds.mod.1-990.nex",
    "genetic-code": 0,
    "sequences": 38,
    "sites": 330
  },
  "trees": {
    "0": "(((EELA:0.06606693444798795,CONGERA:0.04564255367259681)Node2:0.04378136586966253,(EELB:0.0461768366273334,CONGERB:0.04835984433721776)Node5:0.05214700959749798)Node1:0.02237032711424022,((CAVEFISH:0.07571299097847682,(GOLDFISH:0.08148093767925359,ZEBRAFISH:0.08212292687791445)Node11:0.03796237086860788)Node9:0.01867647927952005,((((((NSAM:0.002331124909207528,NARG:0.00550391988494445)Node19:0.01376727710459948,SPUN:0.0195863204134035,(SMIC:0.008552184227882724,SDIA:0.006201537907010941,SXAN:0.0150418050615453)Node23:0.01537419172288812)Node18:0.004022200632610161,(NAUR:0.0263731009137087,(SSPI:0.007052546933166134,STIE:0.005112450757242181)Node29:0.01723986717124527)Node27:0.02733403611821586)Node17:0.02633696881199606,(MVIO:0.004388898597938618,MBER:0.01295579005876332)Node32:0.05087065651463004)Node16:0.03532516462019396,((BFNKILLIFISH:0.07463028664130213,(ONIL:0.009357038547589128,XCAU:0.02125857351711989)Node38:0.06079281699364789)Node36:0.01645559216117123,THORNYHEAD:0.05745902744607668)Node35:0.02456516756023534)Node15:0.04211735232208272,LAMPFISH:0.1230287321630831,((SCABBARDA:0.04644607195162307,SCABBARDB:0.05138031428814796)Node44:0.04794856106031273,((VIPERFISH:0.07097457271854719,BLACKDRAGON:0.03107991651772337)Node48:0.03037463525161631,LOOSEJAW:0.07826587172447068)Node47:0.05493434653215468)Node43:0.03252216826858326)Node14:0.03910844915730042)Node8:0.04857558816799882,(COELACANTH:0.1273951053985989,((CLAWEDFROG:0.1042692924823091,SALAMANDER:0.07896389472240901)Node55:0.02702055990140565,((CHAMELEON:0.1690622387438059,((PIGEON:0.03468750760443511,CHICKEN:0.04088191869199519)Node62:0.02389931251757218,ZEBRAFINCH:0.02661411418444275)Node61:0.06419157954093231)Node59:0.01180019047943567,((BOVINE:0.03852256914345131,DOLPHIN:0.04289228940734869)Node67:0.02680023458512587,ELEPHANT:0.0511271536341654)Node66:0.07184672294927916)Node58:0.02282522925950849)Node54:0.0279502145457975)Node52:0.06029528475237882)"
  }
}