{
  "analysis": {
    "authors": "Sergei L Kosakovsky Pond",
    "contact": "spond@temple.edu",
    "info": "This analysis fits standard codon model templates to codon alignment data.",
    "requirements": "in-frame codon alignment and a phylogenetic tree.",
    "version": "2.0"
  },
  "fits": {
    "model": {
      "AIC": 27295.04915304332,
      "AIC-c": 27298.23328079556,
      "BIC": 28336.18418702949,
      "Log Likelihood": -13507.52457652166,
      "estimated parameters": 140,
      "global-parameters": {},
      "local-parameters": {
        "givenTree.BFNKILLIFISH.nonSynRate": 0.03294765746367731,
        "givenTree.BFNKILLIFISH.synRate": 0.4214099156507731,
        "givenTree.BLACKDRAGON.nonSynRate": 0.01556421495010055,
        "givenTree.BLACKDRAGON.synRate": 0.1219671247798305,
        "givenTree.BOVINE.nonSynRate": 0.03067370185205478,
        "givenTree.BOVINE.synRate": 0.1665666884947721,
        "givenTree.CAVEFISH.nonSynRate": 0.05745863477931443,
        "givenTree.CAVEFISH.synRate": 0.3609770616379219,
        "givenTree.CHAMELEON.nonSynRate": 0.07155738645967474,
        "givenTree.CHAMELEON.synRate": 1.613409530323591,
        "givenTree.CHICKEN.nonSynRate": 0.0073223766587066,
        "givenTree.CHICKEN.synRate": 0.2742977659300836,
        "givenTree.CLAWEDFROG.nonSynRate": 0.04789960419386492,
        "givenTree.CLAWEDFROG.synRate": 0.691399049538313,
        "givenTree.COELACANTH.nonSynRate": 0.07110778597384132,
        "givenTree.COELACANTH.synRate": 0.9294669968148259,
        "givenTree.CONGERA.nonSynRate": 0.02294595652665539,
        "givenTree.CONGERA.synRate": 0.1881122002577933,
        "givenTree.CONGERB.nonSynRate": 0.04282199774038065,
        "givenTree.CONGERB.synRate": 0.1937003367796774,
        "givenTree.DOLPHIN.nonSynRate": 0.02629326694077376,
        "givenTree.DOLPHIN.synRate": 0.1983380697946174,
        "givenTree.EELA.nonSynRate": 0.04221519830514575,
        "givenTree.EELA.synRate": 0.4037705052577854,
        "givenTree.EELB.nonSynRate": 0.01753278683848792,
        "givenTree.EELB.synRate": 0.264004238682479,
        "givenTree.ELEPHANT.nonSynRate": 0.02143745185561107,
        "givenTree.ELEPHANT.synRate": 0.4193143485130756,
        "givenTree.GOLDFISH.nonSynRate": 0.04165919796053644,
        "givenTree.GOLDFISH.synRate": 0.6217526397743393,
        "givenTree.LAMPFISH.nonSynRate": 0.1271884793873152,
        "givenTree.LAMPFISH.synRate": 0.4615025527498256,
        "givenTree.LOOSEJAW.nonSynRate": 0.08231769536050332,
        "givenTree.LOOSEJAW.synRate": 0.323456778142718,
        "givenTree.MBER.nonSynRate": 0.01451214174672531,
        "givenTree.MBER.synRate": 0.02720250228778622,
        "givenTree.MVIO.nonSynRate": 0.006062214287135017,
        "givenTree.MVIO.synRate": 0.003925778566039716,
        "givenTree.NARG.nonSynRate": 0.003200190423903484,
        "givenTree.NARG.synRate": 0.02356283026457034,
        "givenTree.NAUR.nonSynRate": 0.02022820058464622,
        "givenTree.NAUR.synRate": 0.08211556928119526,
        "givenTree.NSAM.nonSynRate": 0.004418506839397505,
        "givenTree.NSAM.synRate": 0,
        "givenTree.Node1.nonSynRate": 0.01529348979626678,
        "givenTree.Node1.synRate": 0.1005307539469609,
        "givenTree.Node11.nonSynRate": 0.04741782938215259,
        "givenTree.Node11.synRate": 0.07855050043090282,
        "givenTree.Node14.nonSynRate": 0.03374562055158255,
        "givenTree.Node14.synRate": 0.08335254523579748,
        "givenTree.Node15.nonSynRate": 0.01417698335528959,
        "givenTree.Node15.synRate": 0.3910191234898898,
        "givenTree.Node16.nonSynRate": 0.03078041183596993,
        "givenTree.Node16.synRate": 0.1367020999900151,
        "givenTree.Node17.nonSynRate": 0.02009305512869279,
        "givenTree.Node17.synRate": 0.1152013228607945,
        "givenTree.Node18.nonSynRate": 0.004228440151219703,
        "givenTree.Node18.synRate": 0,
        "givenTree.Node19.nonSynRate": 0.01773813583464728,
        "givenTree.Node19.synRate": 0.03480570567720188,
        "givenTree.Node2.nonSynRate": 0.02968805359383449,
        "givenTree.Node2.synRate": 0.2716259932988491,
        "givenTree.Node23.nonSynRate": 0.01771459696289585,
        "givenTree.Node23.synRate": 0.0344702642145893,
        "givenTree.Node27.nonSynRate": 0.02409464628755898,
        "givenTree.Node27.synRate": 0.09904430231355331,
        "givenTree.Node29.nonSynRate": 0.01686812092890985,
        "givenTree.Node29.synRate": 0.04149790327097117,
        "givenTree.Node32.nonSynRate": 0.02608484129257853,
        "givenTree.Node32.synRate": 0.2342032274601682,
        "givenTree.Node35.nonSynRate": 0.01630937225448761,
        "givenTree.Node35.synRate": 0.09282739692790204,
        "givenTree.Node36.nonSynRate": 0.00750392668847437,
        "givenTree.Node36.synRate": 0.0689348044196617,
        "givenTree.Node38.nonSynRate": 0.02357123825877543,
        "givenTree.Node38.synRate": 0.3505124934415858,
        "givenTree.Node43.nonSynRate": 0.01556210301481844,
        "givenTree.Node43.synRate": 0.1155357976701462,
        "givenTree.Node44.nonSynRate": 0.04443942076967888,
        "givenTree.Node44.synRate": 0.1744031032728432,
        "givenTree.Node47.nonSynRate": 0.03829689807345469,
        "givenTree.Node47.synRate": 0.2949308532729976,
        "givenTree.Node48.nonSynRate": 0.04485290748464542,
        "givenTree.Node48.synRate": 0.006484475355949875,
        "givenTree.Node5.nonSynRate": 0.01553563373044981,
        "givenTree.Node5.synRate": 0.3804844171630673,
        "givenTree.Node52.nonSynRate": 0.03321627278033793,
        "givenTree.Node52.synRate": 0.4503614767609894,
        "givenTree.Node54.nonSynRate": 0.01696795283836888,
        "givenTree.Node54.synRate": 0.008148153747269035,
        "givenTree.Node55.nonSynRate": 0.01719189888786608,
        "givenTree.Node55.synRate": 0.2579097530065936,
        "givenTree.Node58.nonSynRate": 0.007049332141439105,
        "givenTree.Node58.synRate": 0.1751797752812831,
        "givenTree.Node59.nonSynRate": 0.007916961650141415,
        "givenTree.Node59.synRate": 0.09520281380568509,
        "givenTree.Node61.nonSynRate": 0.02014947472520656,
        "givenTree.Node61.synRate": 0.1975654681969928,
        "givenTree.Node62.nonSynRate": 0.005515360550379591,
        "givenTree.Node62.synRate": 0.09695684312893538,
        "givenTree.Node66.nonSynRate": 0.02755506618168264,
        "givenTree.Node66.synRate": 0.3309654786278883,
        "givenTree.Node67.nonSynRate": 0.007632242979851652,
        "givenTree.Node67.synRate": 0.03514358962322071,
        "givenTree.Node8.nonSynRate": 0.03839375820536806,
        "givenTree.Node8.synRate": 0.07913627951828954,
        "givenTree.Node9.nonSynRate": 0.006845775174404678,
        "givenTree.Node9.synRate": 0.1162291272248895,
        "givenTree.ONIL.nonSynRate": 0.01316942531104086,
        "givenTree.ONIL.synRate": 0.01059113518870174,
        "givenTree.PIGEON.nonSynRate": 0.007815635623841213,
        "givenTree.PIGEON.synRate": 0.2063377226290042,
        "givenTree.SALAMANDER.nonSynRate": 0.03245702101031252,
        "givenTree.SALAMANDER.synRate": 0.3986445887096043,
        "givenTree.SCABBARDA.nonSynRate": 0.03665220176134593,
        "givenTree.SCABBARDA.synRate": 0.2080830431218345,
        "givenTree.SCABBARDB.nonSynRate": 0.05374528912901527,
        "givenTree.SCABBARDB.synRate": 0.1902201842454736,
        "givenTree.SDIA.nonSynRate": 0.001922551586135155,
        "givenTree.SDIA.synRate": 0.03206898506266765,
        "givenTree.SMIC.nonSynRate": 0.009345792498476247,
        "givenTree.SMIC.synRate": 0.01749799961575023,
        "givenTree.SPUN.nonSynRate": 0.0173302763867812,
        "givenTree.SPUN.synRate": 0.069773364209872,
        "givenTree.SSPI.nonSynRate": 0.003865951576830809,
        "givenTree.SSPI.synRate": 0.03722464274779021,
        "givenTree.STIE.nonSynRate": 0,
        "givenTree.STIE.synRate": 0.02670109227068077,