{
  "analysis": {
    "authors": "Sergei L Kosakovsky Pond",
    "contact": "spond@temple.edu",
    "info": "This analysis fits standard codon model templates to codon alignment data.",
    "requirements": "in-frame codon alignment and a phylogenetic tree.",
    "version": "2.0"
  },
  "fits": {
    "model": {
      "AIC": 26995.24759678751,
      "AIC-c": 26996.09078279858,
      "BIC": 27530.68847140897,
      "Log Likelihood": -13425.62379839376,
      "estimated parameters": 72,
      "global-parameters": {
        "AC": 0.5789942482337764,
        "R": 0.1102692082102273
      },
      "local-parameters": {
        "givenTree.BFNKILLIFISH.synRate": 0.5809708661560444,
        "givenTree.BLACKDRAGON.synRate": 0.200396929819677,
        "givenTree.BOVINE.synRate": 0.3366038798737594,
        "givenTree.CAVEFISH.synRate": 0.8132056105214457,
        "givenTree.CHAMELEON.synRate": 1.22245390704461,
        "givenTree.CHICKEN.synRate": 0.3167318223397004,
        "givenTree.CLAWEDFROG.synRate": 0.727249269785444,
        "givenTree.COELACANTH.synRate": 0.8997337263032723,
        "givenTree.CONGERA.synRate": 0.3750157563405322,
        "givenTree.CONGERB.synRate": 0.4368085081754703,
        "givenTree.DOLPHIN.synRate": 0.3468565594144244,
        "givenTree.EELA.synRate": 0.5309300770807424,
        "givenTree.EELB.synRate": 0.3062715797022259,
        "givenTree.ELEPHANT.synRate": 0.4017293421008774,
        "givenTree.GOLDFISH.synRate": 0.6118529196859092,
        "givenTree.LAMPFISH.synRate": 1.25851654531059,
        "givenTree.LOOSEJAW.synRate": 0.6524606825810098,
        "givenTree.MBER.synRate": 0.07615677626854468,
        "givenTree.MVIO.synRate": 0.02688026780596174,
        "givenTree.NARG.synRate": 0.03706386291513721,
        "givenTree.NAUR.synRate": 0.1650542425503004,
        "givenTree.NSAM.synRate": 0.01287087711731399,
        "givenTree.Node1.synRate": 0.1646208172602312,
        "givenTree.Node11.synRate": 0.4458958686136075,
        "givenTree.Node14.synRate": 0.3846985792487358,
        "givenTree.Node15.synRate": 0.3033047005036312,
        "givenTree.Node16.synRate": 0.2502112679056369,
        "givenTree.Node17.synRate": 0.166464638438938,
        "givenTree.Node18.synRate": 0.01950779589475491,
        "givenTree.Node19.synRate": 0.09327352916174121,
        "givenTree.Node2.synRate": 0.4168856840068468,
        "givenTree.Node23.synRate": 0.1063610022524562,
        "givenTree.Node27.synRate": 0.1782284143654201,
        "givenTree.Node29.synRate": 0.1028822942051031,
        "givenTree.Node32.synRate": 0.3470753470468643,
        "givenTree.Node35.synRate": 0.1594521682496658,
        "givenTree.Node36.synRate": 0.09489256347222139,
        "givenTree.Node38.synRate": 0.3639347686889095,
        "givenTree.Node43.synRate": 0.2397299332250375,
        "givenTree.Node44.synRate": 0.5224137660482114,
        "givenTree.Node47.synRate": 0.5482225383193021,
        "givenTree.Node48.synRate": 0.3307444452271733,
        "givenTree.Node5.synRate": 0.4436091251715594,
        "givenTree.Node52.synRate": 0.632270310851477,
        "givenTree.Node54.synRate": 0.237701200104765,
        "givenTree.Node55.synRate": 0.1953772018279431,
        "givenTree.Node58.synRate": 0.1656104558420144,
        "givenTree.Node59.synRate": 0.06467213880823781,
        "givenTree.Node61.synRate": 0.5368011993102134,
        "givenTree.Node62.synRate": 0.1857760161051416,
        "givenTree.Node66.synRate": 0.7117998358871541,
        "givenTree.Node67.synRate": 0.2106677549246277,
        "givenTree.Node8.synRate": 0.4081522643682197,
        "givenTree.Node9.synRate": 0.1722923469764426,
        "givenTree.ONIL.synRate": 0.05334510942152607,
        "givenTree.PIGEON.synRate": 0.2774637678349705,
        "givenTree.SALAMANDER.synRate": 0.5947475168907586,
        "givenTree.SCABBARDA.synRate": 0.4186566056077756,
        "givenTree.SCABBARDB.synRate": 0.5021532607444322,
        "givenTree.SDIA.synRate": 0.03736203405591413,
        "givenTree.SMIC.synRate": 0.05635127079523199,
        "givenTree.SPUN.synRate": 0.1375331566269724,
        "givenTree.SSPI.synRate": 0.04741251514793863,
        "givenTree.STIE.synRate": 0.02869010455452311,
        "givenTree.SXAN.synRate": 0.09091227738339271,
        "givenTree.THORNYHEAD.synRate": 0.456553311488761,
        "givenTree.VIPERFISH.synRate": 0.6618608767734649,
        "givenTree.XCAU.synRate": 0.1416288692927335,
        "givenTree.ZEBRAFINCH.synRate": 0.1608270217123909,
        "givenTree.ZEBRAFISH.synRate": 0.7563773418277876
      }
    }
  },
  "input": {
    "file": "/Users/sergei/Development/hyphy/tests/data/yokoyama.rh1.cds.mod.1-990.nex",
    "genetic-code": 0,
    "sequences": 38,
    "sites": 330
  },
  "trees": {
    "0": "(((EELA:0.08519010840468168,CONGERA:0.06017295744813331)Node2:0.06689117483826819,(EELB:0.04914264646592603,CONGERB:0.07008788119173852)Node5:0.07117907064233629)Node1:0.02641414731140513,((CAVEFISH:0.1304824817921961,(GOLDFISH:0.09817454087807638,ZEBRAFISH:0.121364131599866)Node11:0.07154598886778854)Node9:0.02764507860794644,((((((NSAM:0.00206518987004115,NARG:0.005947062778959164)Node19:0.01496615543852034,SPUN:0.02206781086261203,(SMIC:0.009041813743502306,SDIA:0.005994905673725262,SXAN:0.01458728201685571)Node23:0.01706609910242359)Node18:0.003130113208406242,(NAUR:0.02648369234010142,(SSPI:0.007607550371604308,STIE:0.004603455751800965)Node29:0.01650792481836024)Node27:0.02859754720257754)Node17:0.02670999667627164,(MVIO:0.004313059340935607,MBER:0.01221969578694968)Node32:0.05568979365811742)Node16:0.04014751839668797,((BFNKILLIFISH:0.09321937709750139,(ONIL:0.008559461689318272,XCAU:0.02272498630068307)Node38:0.05839496335809585)Node36:0.01522593674377067,THORNYHEAD:0.07325602330178238)Node35:0.02558481443213624)Node15:0.04866659741264651,LAMPFISH:0.2019346154084805,((SCABBARDA:0.06717532713943149,SCABBARDB:0.0805727393591925)Node44:0.08382362816295492,((VIPERFISH:0.1061985415314388,BLACKDRAGON:0.03215458477916939)Node48:0.0530694273303795,LOOSEJAW:0.1046902382786197)Node47:0.08796476124709855)Node43:0.0384657413111336)Node14:0.06172660974402269)Node8:0.06548985854846785,(COELACANTH:0.1443663054475395,((CLAWEDFROG:0.1166904020033991,SALAMANDER:0.09542990240056361)Node55:0.03134914694424937,((CHAMELEON:0.1961482036080232,((PIGEON:0.04452030404869659,CHICKEN:0.05082103923870945)Node62:0.02980859370033409,ZEBRAFINCH:0.02580541582690764)Node61:0.0861321562576418)Node59:0.01037693427754055,((BOVINE:0.05400959985832773,DOLPHIN:0.05565468820274812)Node67:0.03380258466063631,ELEPHANT:0.06445927190843755)Node66:0.114211471150917)Node58:0.02657293925351381)Node54:0.03814022199719596)Node52:0.1014506027209074)"
  }
}