{
  "analysis": {
    "authors": "Sergei L Kosakovsky Pond",
    "contact": "spond@temple.edu",
    "info": "This analysis fits standard codon model templates to codon alignment data.",
    "requirements": "in-frame codon alignment and a phylogenetic tree.",
    "version": "2.0"
  },
  "fits": {
    "model": {
      "AIC": 26314.64845218728,
      "AIC-c": 26315.53894556875,
      "BIC": 26864.96268443711,
      "Log Likelihood": -13083.32422609364,
      "estimated parameters": 74,
      "global-parameters": {
        "AC": 0.5501288645635884,
        "R": 0.08660028173692043,
        "alpha": 0.8818958296413074,
        "lambda": 0.2843632681961697
      },
      "local-parameters": {
        "givenTree.BFNKILLIFISH.synRate": 0.9945728862704635,
        "givenTree.BLACKDRAGON.synRate": 0.3327637169142417,
        "givenTree.BOVINE.synRate": 0.5404399388372686,
        "givenTree.CAVEFISH.synRate": 1.517683756538999,
        "givenTree.CHAMELEON.synRate": 2.42224911092062,
        "givenTree.CHICKEN.synRate": 0.4956813427050962,
        "givenTree.CLAWEDFROG.synRate": 1.308421828482372,
        "givenTree.COELACANTH.synRate": 1.779861729981655,
        "givenTree.CONGERA.synRate": 0.633292091608493,
        "givenTree.CONGERB.synRate": 0.7033873877869439,
        "givenTree.DOLPHIN.synRate": 0.5583401605280077,
        "givenTree.EELA.synRate": 0.8641089207415841,
        "givenTree.EELB.synRate": 0.4891559310959603,
        "givenTree.ELEPHANT.synRate": 0.6938440880025196,
        "givenTree.GOLDFISH.synRate": 1.140277989736495,
        "givenTree.LAMPFISH.synRate": 2.453854239444035,
        "givenTree.LOOSEJAW.synRate": 1.218004540352087,
        "givenTree.MBER.synRate": 0.1045854714590772,
        "givenTree.MVIO.synRate": 0.0348776978952742,
        "givenTree.NARG.synRate": 0.0494851680344313,
        "givenTree.NAUR.synRate": 0.2357448742884522,
        "givenTree.NSAM.synRate": 0.01787953940149634,
        "givenTree.Node1.synRate": 0.248532636845846,
        "givenTree.Node11.synRate": 0.8196641409268097,
        "givenTree.Node14.synRate": 0.7698169303312604,
        "givenTree.Node15.synRate": 0.4961707393199107,
        "givenTree.Node16.synRate": 0.4290579412510476,
        "givenTree.Node17.synRate": 0.2520081324360092,
        "givenTree.Node18.synRate": 0.03464825162402475,
        "givenTree.Node19.synRate": 0.138327433814153,
        "givenTree.Node2.synRate": 0.7731056200277294,
        "givenTree.Node23.synRate": 0.1442793544301256,
        "givenTree.Node27.synRate": 0.248695226213534,
        "givenTree.Node29.synRate": 0.1441704119663894,
        "givenTree.Node32.synRate": 0.5254947814452186,
        "givenTree.Node35.synRate": 0.2395320769100861,
        "givenTree.Node36.synRate": 0.127713743133763,
        "givenTree.Node38.synRate": 0.5307123950941345,
        "givenTree.Node43.synRate": 0.4533911248143102,
        "givenTree.Node44.synRate": 0.9767508877794668,
        "givenTree.Node47.synRate": 1.035022960110754,
        "givenTree.Node48.synRate": 0.5771871623643205,
        "givenTree.Node5.synRate": 0.7739433419869568,
        "givenTree.Node52.synRate": 1.245945945358982,
        "givenTree.Node54.synRate": 0.4078309954793269,
        "givenTree.Node55.synRate": 0.3490643170862057,
        "givenTree.Node58.synRate": 0.3329877388047098,
        "givenTree.Node59.synRate": 0.1294294637081748,
        "givenTree.Node61.synRate": 0.8537809146031247,
        "givenTree.Node62.synRate": 0.2784959845728754,
        "givenTree.Node66.synRate": 1.290694112212655,
        "givenTree.Node67.synRate": 0.2995128312890315,
        "givenTree.Node8.synRate": 0.771064584699105,
        "givenTree.Node9.synRate": 0.2575680212598696,
        "givenTree.ONIL.synRate": 0.06572723708384484,
        "givenTree.PIGEON.synRate": 0.4200280658873354,
        "givenTree.SALAMANDER.synRate": 0.9780865664151924,
        "givenTree.SCABBARDA.synRate": 0.7147648388503827,
        "givenTree.SCABBARDB.synRate": 0.9000878338130325,
        "givenTree.SDIA.synRate": 0.04949104918399103,
        "givenTree.SMIC.synRate": 0.07690889561176265,
        "givenTree.SPUN.synRate": 0.189398699755901,
        "givenTree.SSPI.synRate": 0.06817957633414455,
        "givenTree.STIE.synRate": 0.03371928049058535,
        "givenTree.SXAN.synRate": 0.1241676623104853,
        "givenTree.THORNYHEAD.synRate": 0.7396831236989793,
        "givenTree.VIPERFISH.synRate": 1.159504815559552,
        "givenTree.XCAU.synRate": 0.1912984529005846,
        "givenTree.ZEBRAFINCH.synRate": 0.2363870735022482,
        "givenTree.ZEBRAFISH.synRate": 1.308628994835123
      }
    }
  },
  "input": {
    "file": "/Users/sergei/Development/hyphy/tests/data/yokoyama.rh1.cds.mod.1-990.nex",
    "genetic-code": 0,
    "sequences": 38,
    "sites": 330
  },
  "trees": {
    "0": "(((EELA:0.1280128954850083,CONGERA:0.09381867538757253)Node2:0.1145312663252541,(EELB:0.07246571072257835,CONGERB:0.1042029008113559)Node5:0.1146553701402223)Node1:0.0368187177582389,((CAVEFISH:0.2248363457912073,(GOLDFISH:0.1689257958345351,ZEBRAFISH:0.1938660540626201)Node11:0.121428650354892)Node9:0.03815725933893065,((((((NSAM:0.002648753593192355,NARG:0.007330950406359897)Node19:0.02049243434770203,SPUN:0.02805835627300434,(SMIC:0.01139362200701117,SDIA:0.007331821665718355,SXAN:0.01839474352877727)Node23:0.02137417804164944)Node18:0.00513294436316899,(NAUR:0.0349242823780997,(SSPI:0.01010042226156476,STIE:0.004995322494259793)Node29:0.02135803882599106)Node27:0.03684280446216383)Node17:0.03733359295864808,(MVIO:0.005166935542794436,MBER:0.01549375166229189)Node32:0.07784910781540415)Node16:0.06356253022274809,((BFNKILLIFISH:0.147340401060897,(ONIL:0.009737121940729067,XCAU:0.02833979405812636)Node38:0.07862206804609657)Node36:0.01892007553602245,THORNYHEAD:0.1095799107418532)Node35:0.03548533522889972)Node15:0.07350491526087816,LAMPFISH:0.3635247579897792,((SCABBARDA:0.1058884064448585,SCABBARDB:0.1333429698866554)Node44:0.1447001718312254,((VIPERFISH:0.1717741423629834,BLACKDRAGON:0.04929708037036324)Node48:0.08550704444483885,LOOSEJAW:0.1804405488494965)Node47:0.1533328528810151)Node43:0.06716735504231854)Node14:0.114044065371426)Node8:0.1142288983761069,(COELACANTH:0.2636765437190134,((CLAWEDFROG:0.193835363528098,SALAMANDER:0.144898045138042)Node55:0.05171192296262087,((CHAMELEON:0.3588426352650354,((PIGEON:0.06222480477699588,CHICKEN:0.07343241389421108)Node62:0.04125761985598526,ZEBRAFINCH:0.03501942059373769)Node61:0.1264828592376838)Node59:0.01917424992689109,((BOVINE:0.08006314915361132,DOLPHIN:0.08271496671208367)Node67:0.04437114795125222,ELEPHANT:0.1027891144141073)Node66:0.1912091016812981)Node58:0.04933026795836576)Node54:0.06041787712946772)Node52:0.1845799114610781)"
  }
}