{
  "analysis": {
    "authors": "Sergei L Kosakovsky Pond",
    "contact": "spond@temple.edu",
    "info": "This analysis fits standard codon model templates to codon alignment data.",
    "requirements": "in-frame codon alignment and a phylogenetic tree.",
    "version": "2.0"
  },
  "fits": {
    "model": {
      "AIC": 27476.62899792902,
      "AIC-c": 27477.4490171783,
      "BIC": 28004.63319373629,
      "Log Likelihood": -13667.31449896451,
      "estimated parameters": 71,
      "global-parameters": {
        "R": 0.1245977377152304
      },
      "local-parameters": {
        "givenTree.BFNKILLIFISH.synRate": 0.3591666017427927,
        "givenTree.BLACKDRAGON.synRate": 0.1164571919725302,
        "givenTree.BOVINE.synRate": 0.1964347456313564,
        "givenTree.CAVEFISH.synRate": 0.405580788377043,
        "givenTree.CHAMELEON.synRate": 0.9615401823472844,
        "givenTree.CHICKEN.synRate": 0.1946582318366952,
        "givenTree.CLAWEDFROG.synRate": 0.5411487884577056,
        "givenTree.COELACANTH.synRate": 0.7003504947200847,
        "givenTree.CONGERA.synRate": 0.1940594223914225,
        "givenTree.CONGERB.synRate": 0.2646688400902876,
        "givenTree.DOLPHIN.synRate": 0.2021597996962549,
        "givenTree.EELA.synRate": 0.3706584941407279,
        "givenTree.EELB.synRate": 0.2068519700064526,
        "givenTree.ELEPHANT.synRate": 0.2918974533381368,
        "givenTree.GOLDFISH.synRate": 0.4773970371907377,
        "givenTree.LAMPFISH.synRate": 0.6967027088359762,
        "givenTree.LOOSEJAW.synRate": 0.4334597406295133,
        "givenTree.MBER.synRate": 0.0511322551507649,
        "givenTree.MVIO.synRate": 0.01945707600052177,
        "givenTree.NARG.synRate": 0.02540130846153486,
        "givenTree.NAUR.synRate": 0.1095879558969785,
        "givenTree.NSAM.synRate": 0.009453413699126114,
        "givenTree.Node1.synRate": 0.09518983098858787,
        "givenTree.Node11.synRate": 0.2626869414844882,
        "givenTree.Node14.synRate": 0.1795966082103349,
        "givenTree.Node15.synRate": 0.2660890554693297,
        "givenTree.Node16.synRate": 0.173591872738162,
        "givenTree.Node17.synRate": 0.1232797521843316,
        "givenTree.Node18.synRate": 0.01417699595744197,
        "givenTree.Node19.synRate": 0.06613171848746793,
        "givenTree.Node2.synRate": 0.2477024933264835,
        "givenTree.Node23.synRate": 0.07113321481409808,
        "givenTree.Node27.synRate": 0.120713317840841,
        "givenTree.Node29.synRate": 0.07150753662892288,
        "givenTree.Node32.synRate": 0.2293079894143399,
        "givenTree.Node35.synRate": 0.09814138566023257,
        "givenTree.Node36.synRate": 0.07174610197815171,
        "givenTree.Node38.synRate": 0.2892064268404603,
        "givenTree.Node43.synRate": 0.1089291492831506,
        "givenTree.Node44.synRate": 0.2472257641661917,
        "givenTree.Node47.synRate": 0.2706559122796534,
        "givenTree.Node48.synRate": 0.163521046729868,
        "givenTree.Node5.synRate": 0.2598952158608096,
        "givenTree.Node52.synRate": 0.3588495937939715,
        "givenTree.Node54.synRate": 0.1260513001544354,
        "givenTree.Node55.synRate": 0.1686118455482372,
        "givenTree.Node58.synRate": 0.1113387555150638,
        "givenTree.Node59.synRate": 0.06773430116716317,
        "givenTree.Node61.synRate": 0.2332135602147903,
        "givenTree.Node62.synRate": 0.09443153680295124,
        "givenTree.Node66.synRate": 0.3053253055941497,
        "givenTree.Node67.synRate": 0.08042409560158209,
        "givenTree.Node8.synRate": 0.2079078156706411,
        "givenTree.Node9.synRate": 0.06617038303503153,
        "givenTree.ONIL.synRate": 0.03665690444887783,
        "givenTree.PIGEON.synRate": 0.1616372986797356,
        "givenTree.SALAMANDER.synRate": 0.3541066473817839,
        "givenTree.SCABBARDA.synRate": 0.2381403302878186,
        "givenTree.SCABBARDB.synRate": 0.2738183676697973,
        "givenTree.SDIA.synRate": 0.02280027190066485,
        "givenTree.SMIC.synRate": 0.03999657771487524,
        "givenTree.SPUN.synRate": 0.09192771703027194,
        "givenTree.SSPI.synRate": 0.03275674927425515,
        "givenTree.STIE.synRate": 0.020585625034739,
        "givenTree.SXAN.synRate": 0.06112341201845947,
        "givenTree.THORNYHEAD.synRate": 0.2682837575365429,
        "givenTree.VIPERFISH.synRate": 0.3862832360163408,
        "givenTree.XCAU.synRate": 0.1004271701085615,
        "givenTree.ZEBRAFINCH.synRate": 0.1358333480881097,
        "givenTree.ZEBRAFISH.synRate": 0.3330861070524148
      }
    }
  },
  "input": {
    "file": "/Users/sergei/Development/hyphy/tests/data/yokoyama.rh1.cds.mod.1-990.nex",
    "genetic-code": 0,
    "sequences": 38,
    "sites": 330
  },
  "trees": {
    "0": "(((EELA:0.09607291330695361,CONGERA:0.05029927644590856)Node2:0.06420330450659069,(EELB:0.05361504375576876,CONGERB:0.06860090064303791)Node5:0.06736360001723779)Node1:0.02467275005115097,((CAVEFISH:0.10512460536226,(GOLDFISH:0.1237390344266837,ZEBRAFISH:0.08633432982773544)Node11:0.0680872019798533)Node9:0.01715104759045098,((((((NSAM:0.00245027972952939,NARG:0.006583897966146972)Node19:0.01714102592418715,SPUN:0.02382722567637247,(SMIC:0.01036692212405398,SDIA:0.005909721698852761,SXAN:0.0158428967815456)Node23:0.01843738991041476)Node18:0.003674609715149914,(NAUR:0.02840467533540288,(SSPI:0.008490393132737148,STIE:0.005335695797061799)Node29:0.0185344123389656)Node27:0.03128831607327135)Node17:0.03195352361090441,(MVIO:0.005043181271586417,MBER:0.01325323658824172)Node32:0.0594355368508875)Node16:0.04499418522440025,((BFNKILLIFISH:0.09309426962406959,(ONIL:0.009501294746752058,XCAU:0.02603024336423093)Node38:0.07496092606232928)Node36:0.0185962473393145,THORNYHEAD:0.06953786999870083)Node35:0.02543777894047143)Node15:0.06896901369358133,LAMPFISH:0.1805820182318707,((SCABBARDA:0.06172483746708504,SCABBARDB:0.07097241454017288)Node44:0.06407973858266987,((VIPERFISH:0.1001227718570438,BLACKDRAGON:0.0301851485537528)Node48:0.04238387516994644,LOOSEJAW:0.1123506967784285)Node47:0.07015272119080378)Node43:0.02823391580419862)Node14:0.04655058401079967)Node8:0.0538887139145934,(COELACANTH:0.1815275069298132,((CLAWEDFROG:0.1402631842019015,SALAMANDER:0.09178275359422826)Node55:0.04370338593597967,((CHAMELEON:0.2492266278531046,((PIGEON:0.04189561666252425,CHICKEN:0.05045448499726377)Node62:0.02447620381597911,ZEBRAFINCH:0.0352073557772228)Node61:0.06044784216927965)Node59:0.01755640770900371,((BOVINE:0.05091494889727177,DOLPHIN:0.05239885559723711)Node67:0.0208455418846746,ELEPHANT:0.07565842729191108)Node66:0.0791388625337395)Node58:0.02885847424352198)Node54:0.03267189562197934)Node52:0.09301210267614805)"
  }
}